title,score,id,url,comms_num,created,body
Never cringed more than at this Google pixel event,1014,1mvu90u,https://v.redd.it/ycqaj80899kf1,199,1755730849.0,"Jimmy is not ok guys. Iâ€™m scared

Never seen someone more confused about anything in my life. Plus we all know he uses an iPhone. "
"Google has stopped improving camera since Pixel 6 series, especially video",548,1n2awn8,https://www.reddit.com/r/GooglePixel/comments/1n2awn8/google_has_stopped_improving_camera_since_pixel_6/,242,1756384147.0,"Photo quality is one of the top reasons I am a Pixel user. But it seems like Google has been resting too hard on their laurels with computational photography and give us a minor insignificant upgrade every year since Pixel 6 series. And when it comes to video there's been no improvement at all. 

Despite charging flagship money, the video quality is 5 generations behind iPhones. The Pixel 10 Pro and XL still doesn't do OIS right. The colors still change when you switch lenses mid video, and the transition is not smooth either as you zoom in and out - like you see in iPhones. 5 generations of Tensor and Google still hasn't figured video basics out. At least don't charge elite money for these phones. Gemini and Gen AI aren't a substitute to poor performance of basic features."
Google Pixel is now the fastest growing premium smartphone brand in the world,755,1ncpqwd,https://9to5google.com/2025/09/09/google-pixel-is-the-fastest-growing-premium-smartphone-brand-in-the-world,332,1757440070.0,
"Google pixel users, how is it?",7,1l036um,https://www.reddit.com/r/Tech_Philippines/comments/1l036um/google_pixel_users_how_is_it/,27,1748714001.0,"Iâ€™m thinking of getting a Pixel as a second phone but want to know how is the overall experience for those who have been using their Pixels for more than 6 months.

My main phone is an iPhone but want to try an android for a new experience. Iâ€™ve read great reviews so far but my main concern is if it works just as well as other phones that are being officially sold in the Philippines. Aftersales is not a main concern for me since I barely have any technical issues with any phones that Iâ€™ve had. More on apps - if they work well, signal - is 5g an issue, or any other thing to be wary about. Please let me know? "
Are Google Pixel phones worth it?,4,1m022yj,https://www.reddit.com/r/Android/comments/1m022yj/are_google_pixel_phones_worth_it/,50,1752535637.0,"I have been an Apple user since 2014, and after all these years, I am getting sick of iOS. I need a change. The more research I do, the more the Pixel interests me because it is considered the 'iPhone of the Android world,' and I use a lot of Google's features (Drive, Photos, Calendar, etc.). If I make the switch, I will wait for the 10 to be released.
To former Apple users who now use Pixel: What made you switch, and why did you stay? What are your likes and dislikes?
I once switched to Samsung but went back to Apple because I was so overwhelmed, so no Samsung for me."
Are the google pixel phones worth it?,31,1mh25af,https://www.reddit.com/r/Smartphones/comments/1mh25af/are_the_google_pixel_phones_worth_it/,70,1754275883.0,"Iâ€™ve been using iPhones since I was old enough to get a phone but the recent iPhones donâ€™t seem worth the money. I have an iPhone 8, so Iâ€™m long overdue an upgrade, but canâ€™t decide between google pixel or Samsung. "
"Google Pixel 10 Pro looks so good, I'm jealous",0,1mx0voj,https://www.reddit.com/r/iphone/comments/1mx0voj/google_pixel_10_pro_looks_so_good_im_jealous/,14,1755851288.0,"With the new iPhone 17 on the horizon, which I plan to upgrade from my 12 Pro, we all know what they look like already. I decided to take a look at Google Pixel 10 Pro and it looks soooo good, their camera bar is so much better than this bulk that we are getting. And also color - jade, have you seen how beautiful it is?  
But the problem with pixel is that it's an android, iOS might be getting worse, but it's still miles better than android. I though Apple had all the best designers in the world, why did they do us so dirtyðŸ˜­  
Hope I'm not the only one with this opinion, what are you thoughts?"
Cops say criminals use a Google Pixel with GrapheneOS â€” I say thatâ€™s freedom,4425,1lydz5o,https://www.androidauthority.com/why-i-use-grapheneos-on-pixel-3575477/,273,1752362232.0,
We Just Launched PixelUnion.eu â€“ A European Alternative to Google Photos (16GB Free!),3349,1kbd89d,https://i.redd.it/b6zw5chv9yxe1.png,518,1746009305.0,"Hey everyone,

Weâ€™re excited to introduce [PixelUnion.eu](https://pixelunion.eu/) to this community! ðŸŽ‰

Everyone in this subreddit is feeling the urge to move away from the hyperscalers and their data-hungry platforms. Thatâ€™s why we built PixelUnion â€” a European alternative for storing your photos securely on European soil.

Weâ€™ve all seen the awesome initiatives in this subreddit, and weâ€™d like to add ours to the list. Unlike others, we leverage the open-source project **Immich** to store your memories.  
Between this awesome software and our extensive experience in cloud storage and the engineering field, we believe weâ€™ve created a great alternative for your Google and iCloud photos.

Every user gets a **private environment** â€” your photos are yours, and only you can access them. Within your space, a personal facial recognition AI is trained to automatically organize your photos based on the people in them.

We offer a **free plan** with **16GB of storage** â€” thatâ€™s 1GB more than Google gives you!

Looking for more space?  
â€¢ 150GB for â‚¬2.95/month  
â€¢ 1TB for â‚¬9.95/month  
Need more than 1TB? No problem â€” weâ€™ve got larger plans and are working to make them even more affordable ðŸ’ª

ðŸŽ **Special Launch Offer For Reddit**: The first 100 users get **50% off for 3 months** with the code: TRUMPISALOSER

Try it now at [PixelUnion.eu](https://pixelunion.eu/)"
The Apple iPhone 17 (256GB for $799) is cheaper than the Google Pixel 10 (256GB for $899),1940,1ncy0t9,https://www.threads.com/@michaelbtech/post/DOZE8MFko3I?xmt=AQF0nPY6HrirjzirIQ2S6P7DGvSgSpABECUcwG6iL5bESQ&slof=,338,1757459051.0,
"Google says it canâ€™t fix Pixel Watches, please just buy a new one | With no official repair program and no parts, broken Pixel Watches are just e-waste.",12685,16kbcu9,https://arstechnica.com/gadgets/2023/09/11-months-after-launch-googles-pixel-watch-still-has-no-path-to-repair/,887,1694880844.0,
"After roasting Apple about headphone jacks, Google quietly dumps it from Pixel 6A",42427,unw3ps,https://www.theverge.com/2022/5/11/23067702/google-pixel-6a-headphone-jack,3493,1652343064.0,
TIFU by accidentally buying two Google Pixels and ended up getting my 15 year old Google Account permanently banned.,18512,zndbku,https://www.reddit.com/r/tifu/comments/zndbku/tifu_by_accidentally_buying_two_google_pixels_and/,1329,1671193002.0,"So early Black Friday sales happened last month and I picked up a Google Pixel 7 since my previous phone was nearing 6 years old and starting to die every few hours.

Due to some funky error, whether I accidentally put two phones in the cart, I don't know or remember. I ended up getting double charged and realized I got shipped two phones.

I contacted Google Support to start a return for a refund on one of them, and the first support person was great... up until the next dozen support staff throughout this stupid journey.

Turns out that the package I shipped back to them never made it back. I spoke with support and I got the most generic responses ever from a person that doesn't speak English (once they stopped making generic replies, it was quite evident). 

They escalated the problem to a supervisor. The supervisor told me that they would do an investigation, would take about a week.

Beginning of this week, investigation ended. They say the package was indeed most likely lost but the representative I spoke to said I could just chargeback with my credit card. So I did.

Today, my Google account was banned. 15 years of history gone.

I went on the support chat for the umpteenth time and they told me because I did a chargeback, the rules are that my account will be banned. I asked why they suggest for me to do a chargeback, when they could have just refunded themselves, and they said the support I spoke to should never have suggested it but rules are rules. 

Been trying to fight this but looks like Google support is utter trash. After looking online, it seems like this is their most stupidest policy, and it exists across most other platforms too.

What a shitshow.

TLDR: Bought two phones by accident, returned one of them, package was lost and a representative told me to do a chargeback if I wanted my money back. Did that, Google account got banned. I asked very politely to get it unbanned because it was their advice to do that, they told me to go pound sand."
"â€œThis is the 10 you wanted?â€

Macca and Flo introduce the new Google Pixel 10â€¦ ðŸ¤³",2464,1mvo3hv,https://v.redd.it/24e1zv0h38kf1,150,1755716807.0,
Google just showed off the new Pixel 10,1401,1m5obv7,https://v.redd.it/4qww0jyxc9ef1,305,1753117009.0,
ITâ€™S HERE: Google Pixel 10 Pro XL,1223,1n0f85s,https://www.reddit.com/gallery/1n0f85s,278,1756192782.0,"Freshly delivered, pre-ordered from SG Shopee:

1. Got the 1 yr Google AI Pro (but unable to activate yet, perhaps too early? - reached out to the Google Chat support, awaiting updates)

2. YouTube Premium 3 Months Activated!

3. Free upgrade from 256GB to 512GB 

Shot from iPhone 16 Pro Max - time to change camp!"
The first ever Google Pixel made in India,5281,1jpf987,https://i.redd.it/ceqsh89eccse1.jpeg,137,1743564489.0,
Which Google pixel are you rocking?,1026,1ihj5ed,https://i.redd.it/3zdf1meiw4he1.jpeg,1621,1738680068.0,I'll go first. Google pixel 3a! I refuse to upgrade until I see a new pixel that I love. Also when this one dies on me. Whichever comes first.
the brand new $1000+ Google Pixel 10 series can't run ZZZ.,1422,1n6jsht,https://i.redd.it/dy3uovo67rmf1.png,180,1756820471.0,"source: [https://x.com/Hayaponlog/status/1962142847748202777](https://x.com/Hayaponlog/status/1962142847748202777)

ZZZ isnt the only game [the brand new $1000+ Google Pixel 10 series can't run,](https://x.com/vvaiibhav/status/1961510822477533480) where are the game drivers Google?"
"Google Layoffs: Hundreds reportedly fired from Android, Pixel, and Chrome Teams",1562,1jxa3cv,https://www.reddit.com/r/cscareerquestions/comments/1jxa3cv/google_layoffs_hundreds_reportedly_fired_from/,318,1744435676.0,https://www.financialexpress.com/jobs-career/google-layoffs-hundreds-reportedly-cut-from-android-pixel-and-chrome-teams-3806346/
"Sol Campbell advert for Google Pixel about ""switching sides""",3609,1i14g18,https://v.redd.it/6bhbj3138yce1,178,1736855846.0,
Google Pixel is now the fastest growing premium smartphone brand in the world,873,1ncmxzx,https://9to5google.com/2025/09/09/google-pixel-is-the-fastest-growing-premium-smartphone-brand-in-the-world/,236,1757433798.0,
"Google Pixel 4 reviewâ€”Overpriced, uncompetitive, and out of touch",18575,dxnx62,https://arstechnica.com/gadgets/2019/11/google-pixel-4-review-overpriced-uncompetitive-and-out-of-touch/,1995,1574004919.0,
Google Pixel 10 series keeps getting better and better. A brand new leak shows the Pixel 10 has full Qi2 support.,1271,1mcw2rv,https://i.redd.it/ettccch1lxff1.jpeg,178,1753846144.0,This means that the Pixel 10 is the first android flagship to have the Qi2 Magnet Power Profile. That's an absolutely insane W for Google Pixel.
if anyone wants a free brand new Google Pixel 8 you can get one at the bottom of this lake in Oklahoma,10714,1b4o9md,https://i.redd.it/m4rhby79axlc1.png,189,1709386079.0,
the brand new $1000+ Google Pixel 10 series can't run ZZZ.,1255,1n6jubl,https://i.redd.it/qk7xc26b9rmf1.png,144,1756820590.0,"source: [https://x.com/Hayaponlog/status/1962142847748202777](https://x.com/Hayaponlog/status/1962142847748202777)

ZZZ isnt the only game [the brand new $1000+ Google Pixel 10 series can't run,](https://x.com/vvaiibhav/status/1961510822477533480) where are the game drivers Google?"
Google threatened tech influencers unless they â€˜preferredâ€™ the Pixel,2688,1eu0mbt,https://www.theverge.com/2024/8/16/24221755/google-team-pixel-reviews-influencers,281,1723844049.0,
"Google offering â€˜voluntary exitâ€™ for employees working on Pixel, Android",1312,1idufgh,https://9to5google.com/2025/01/30/pixel-android-voluntary-exit-employees/,365,1738263417.0,
"Introducing Pixel, Phone by Google",18319,55udyp,https://www.youtube.com/watch?v=Rykmwn0SMWU,6368,1475599179.0,
"Full Google Pixel 4a Specifications: 6GB RAM with 128GB, $349 USD. Snapdragon 730G. 5.81"" Punch-hole FHD+ HDR 19.5:9 OLED Display, AOD & Now Playing. 3140mAH Battery.",7607,i1vai7,https://twitter.com/ishanagarwal24/status/1289592300377538562,1844,1596300457.0,
Google Pixel 4a review: A perfect cheap phone for $349,8418,i2yrlt,https://www.tomsguide.com/reviews/google-pixel-4a,1466,1596467567.0,
"Google says it canâ€™t fix Pixel Watches, please just buy a new one | With no official repair program and no parts, broken Pixel Watches are just e-waste.",4255,16kbbtp,https://arstechnica.com/gadgets/2023/09/11-months-after-launch-googles-pixel-watch-still-has-no-path-to-repair/,398,1694880766.0,
Bought pixel 9 pro XL at 50k* from Google store,1176,1l0ke6c,https://i.redd.it/otxr6wbj5a4f1.jpeg,225,1748768148.0,"The price was 9 pro XL - 1,24,999, using coupon it came down to 77499, used hdfc for instant cashback and I got extra 10000 discount. 
I exchanged my nothing phone 2a for 20800
Above that I got 10000 as Google store credits. 

Cashify came today and it got sold for 20600. 
"
My Google Pixel Might Have Saved My Life Last Night - Seriously! (Drunk Driver Involved),1902,1joh6cx,https://www.reddit.com/r/GooglePixel/comments/1joh6cx/my_google_pixel_might_have_saved_my_life_last/,169,1743462919.0,"Hey everyone, I just had a terrifying experience last night and I honestly believe my Google Pixel's crash detection feature might have saved my life. I feel like I need to share this urgently.


It was around 4 am and I was driving home from north Denver near 470 . The roads were very dark and a little damp from earlier rain. I was just cruising, tired but focused on getting home.


Then, it happened. One minute I was driving, the next, I saw headlights reflecting off something dark directly in my lane. It was a grey sedan just sitting there, completely unlit in the middle of the highway. I had maybe a split second to register what was happening before impact. My brakes were useless at that point. Everything went black the instant before I hit it. I honestly barely remember the impact itself.


The next thing I knew, I was coming to, disoriented and in pain. My airbags had deployed, and my phone had flown somewhere in the chaos. I was still trying to figure out what had just happened when I heard a voice. It was my Google Pixel Assistant, saying something like, ""It looks like you've been in an accident. I'm going to call emergency services if you don't respond."" I was still incredibly groggy, but I must have mumbled something or stayed silent, because the phone took action.


Within what felt like minutes (though it could have been longer), I heard sirens getting closer. When the paramedics and police arrived, they told me that 911 had received an automated call from my phone reporting a crash at my exact location. They knew there was an accident and where to find me, even though I was in no state to call for help myself.


What's even more disturbing is what the police told me later. The driver of the car I hit was heavily intoxicated and had apparently just been involved in another collision further back on the highway before inexplicably stopping in the middle of the road. He was a danger to everyone out there.


Honestly, thinking about what could have happened if my phone hadn't done that sends chills down my spine. I was unconscious or barely conscious, alone on a dark highway in the wee hours, after being hit by a drunk driver. Who knows how long I would have been there, injured and vulnerable, if it weren't for that feature.
I'm still processing everything and dealing with some minor scrapes and bruises. But I am so incredibly grateful for the technology in my pocket.


So, if you have a Google Pixel, please, please make sure your crash detection is enabled! It's not just a gimmick; it might literally be the thing that gets you the help you need when you can't ask for it yourself.


Stay vigilant and safe out there, everyone. You never know what you might encounter on the road.


Edited for formatting"
"Google announces the Pixel 3A and 3A XL, starting at $399",8694,blu7xx,https://www.theverge.com/2019/5/7/18527206/google-pixel-3a-xl-phone-announcement-price-release-date-io-2019,2072,1557253498.0,
"Google offering 'voluntary exit' for employees working on Pixel, Android",1489,1idvwva,https://9to5google.com/2025/01/30/pixel-android-voluntary-exit-employees/,270,1738267104.0,
iPhone 15 Pro Max crushes Google Pixel 8 Pro in speed test,2217,17ikvb2,https://9to5mac.com/2023/10/27/iphone-15-pro-max-crushes-google-pixel-8-pro-in-speed-test/,759,1698520651.0,
Google announces August 20 event for Pixel 10 and Pixel Watch 4,912,1m1h2sh,https://9to5google.com/2025/07/16/made-by-google-2025-invite/,213,1752682981.0,
Internal Information from Google Team regarding Google Pixel Watch 4.,604,1mm3b3v,https://www.reddit.com/gallery/1mm3b3v,294,1754781674.0,You wo
"Exclusive: This is the 2017 Google Pixel ""XL,"" with low-bezel AMOLED display and squeezable frame",10345,6mojbq,http://www.androidpolice.com/2017/07/11/exclusive-this-is-the-2017-google-pixel-xl-with-low-bezel-amoled-display-and-squeezable-frame/,2297,1499801065.0,
Google's hardware chief said after launching the Pixel 5 that the world doesn't need 'another thousand-dollar phone',6219,j3nq94,https://www.businessinsider.com/google-pixel-5-launch-price-apple-samsung-2020-9,957,1601611322.0,
"OMG, Google has removed all factory images and OTA images for the Pixel 6A !",481,1lpys9l,https://www.reddit.com/r/GooglePixel/comments/1lpys9l/omg_google_has_removed_all_factory_images_and_ota/,472,1751470025.0,"If you take a look at the [Google Developers](https://developers.google.com/android/images) website now, you will see that all factory images and OTA images for the Pixel 6A have been completely removed.

This is most definitely due to the [mandatory update](https://9to5google.com/2025/06/11/google-pixel-6a-battery-update-mandatory/) for the Pixel 6A's battery issue, which Google is going to roll out with the July 2025 update. The update likely will completely kill the battery life.

Google did the exact same thing for the Pixel 4A when they rolled out a similar update back then.

If you own a Pixel 6A, like me, brace yourself!"
Exclusive: Pixel 6 will be powered by new Google-made â€˜Whitechapelâ€™ chip,5482,mimox8,https://9to5google.com/2021/04/02/pixel-6-google-gs101-whitechapel/,862,1617377445.0,
Google Pixel 3a may start at just $399,7992,bjm5x0,"https://www.tomsguide.com/us/google-pixel-3a-price,news-29979.html",1242,1556743160.0,
Google Pixel 4a Said to Undercut iPhone SE in Major Way,5325,gktkzi,https://www.droid-life.com/2020/05/14/google-pixel-4a-rumor-puts-128gb-model-at-349/,1478,1589630740.0,
The Google Pixel 6 and Pixel 6 Pro wonâ€™t come with wall chargers,3789,p674we,https://www.theverge.com/2021/8/17/22628702/google-pixel-6-charger-not-included,1243,1629217206.0,
Some Google Pixel devices shutting down at 30% battery,9947,5kq8c2,http://www.androidauthority.com/google-pixel-shutting-30-battery-738777/,1938,1482931741.0,
"Google Pixel 4: A 2,800mAh battery?",5673,diou2w,https://www.androidauthority.com/google-pixel-4-battery-1041395/,1639,1571230063.0,
[9to5Google] Pixel 10 vs. iPhone 17: Google's Wake-Up Call?,311,1nfe6pe,https://www.youtube.com/watch?v=ZwgABi-lIWo,441,1757709545.0,"Seems like this is picking up stream in the mainstream Android outlets, not just Reddit."
Google Pixel 10 Pro XL hands-on review - gsmarena,391,1n1n24h,https://www.gsmarena.com/google_pixel_10_pro_xl_handson-review-2875.php,363,1756314929.0,
Google slides into Tim Cook's mentions to promote 'Team Pixel' ... while tweeting from an iPhone,3999,y93paz,https://9to5mac.com/2022/10/20/google-team-pixel-iphone-tweet/,480,1666285283.0,
Exclusive: Google's new phones will be called the Pixel and Pixel XL,10504,50qn3g,http://www.androidpolice.com/2016/09/01/exclusive-googles-new-phones-will-be-called-the-pixel-and-pixel-xl/,1534,1472778064.0,
"Google says bumpy Pixel 8 screens are nothing to worry about | Display ""bumps"" are components pushing into the OLED panel.",2332,185yqd9,https://arstechnica.com/gadgets/2023/11/google-says-bumpy-pixel-8-screens-are-nothing-to-worry-about/,406,1701185516.0,
"Google officially confirms the Pixel 6 series, Pixel 7 series, and Pixel Fold will get an additional 2 years of OS updates",1602,1h7fehb,https://www.reddit.com/r/GooglePixel/comments/1h7fehb/google_officially_confirms_the_pixel_6_series/,221,1733421727.0,"The company has [updated a support page](https://support.google.com/pixelphone/answer/4457705?hl=en#zippy=%2Cpixel-pixel-pro-pixel-pro-xl-pixel-pro-fold%2Cpixel-a-pixel-pixel-pro%2Cpixel-a-pixel-pixel-pro-pixel-a-pixel-pixel-pro-pixel-fold%2Cpixel-a-g-pixel-pixel-a-g-pixel-a-pixel-xl-pixel) to mention that these Pixel phones are guaranteed 5 years of updates - including 5 years of OS and security updates - starting from when they went on sale.

This means the Pixel 6 series will get updates to Android 16 and Android 17, while the Pixel 7 series and Pixel Fold will get updates to Android 17 and Android 18.

H/T Nail Sadykov"
"Google warns that 'high demand' for Pixel 6 Pro has heavily delayed shipping, retail stock is scarce",3532,qhnwyi,https://9to5google.com/2021/10/28/pixel-6-pro-stock-launch-day-delays/,896,1635430214.0,
Google Pixel 7a phone is about to explode. Google Support does nothing at all.,689,1md0isl,https://www.reddit.com/gallery/1md0isl,206,1753861847.0,"The phone started to swell on Friday 18th July. I've contacted the Google Support immediately and we're going in circles since then without any result.

Phone is registered on my daughter's account and since she's under 18 years old she can not file the support request. I can not file the support request either - the phone is registered to another account. I'm contacting the support every few days but all I'm asked is to fill the support form that does not work for me. 

Meanwhile the phone continues swelling and clearly heads to self-destruction in fire with a lot of toxic fumes.

I'm filing the complaint to Verbraucherzentrale of course, but it can take weeks to resolve.

What else can I do in Germany in this case? "
Google Pixel 7 moment,7469,17274hj,https://i.redd.it/9e3q30yhessb1.jpg,169,1696687348.0,
"Pixel Buds review: OK Google, go back to the earbud drawing board",8354,7e8flu,https://arstechnica.com/gadgets/2017/11/pixel-buds-review-ok-google-go-back-to-the-earbud-drawing-board/,1165,1511179763.0,
Google Makes Fun of Apple Intelligence Siri Delay in Ad Promoting Pixel 10,517,1mhjjiu,https://www.macrumors.com/2025/08/04/google-pixel-10-ad-siri-delay/,275,1754327875.0,
The Pixel 2 XL drama is undermining Googleâ€™s entire Pixel project - The Verge,6057,78fhlk,https://www.theverge.com/2017/10/24/16519530/google-pixel-2xl-screen-issues-deep-and-unfixable?utm_campaign=theverge&utm_content=chorus&utm_medium=social&utm_source=twitter,1985,1508849212.0,
Google Pixel 5 is Going to be Boringly Sweet,5170,imi5oc,https://www.droid-life.com/2020/09/03/google-pixel-5-is-probably-going-to-be-boringly-sweet/,805,1599233790.0,
Google announces Pixel 4 and Pixel 4 XL starting at 799$,4485,di904n,https://twitter.com/Google/status/1184116490288500737,1576,1571151154.0,
"It's still difficult to just buy a Google Pixel today, and that's insane",7834,674tg4,http://www.androidcentral.com/editors-desk-google-horrible-supply-chains,1360,1492982534.0,
Google's Pixel 2 event teaser page is up.,7224,701orq,https://madeby.google.com/askmore/,1368,1505389565.0,
Google Pixel 4a becomes Amazon's best-selling unlocked smartphone. It's also #2 at Best Buy right now.,4757,i51kxk,https://www.androidpolice.com/2020/08/06/google-pixel-4a-becomes-amazons-best-selling-unlocked-smartphone/,863,1596752327.0,
MKBHD Google Pixel 3 impressions,4563,9mqf04,https://www.youtube.com/watch?v=LRh_iVXulXk&feature=youtu.be,2524,1539100912.0,
"Exclusive: Google Pixel 4 and 4 XL will have 90Hz â€˜Smooth Displayâ€™, 6GB of RAM, more",5227,cnbn0e,https://9to5google.com/2019/08/07/exclusive-google-pixel-4-display-specs-more/,1118,1565211856.0,
Google says the AI-focused Pixel 8 canâ€™t run its latest smartphone AI models,1975,1bbcctl,https://arstechnica.com/gadgets/2024/03/google-says-the-ai-focused-pixel-8-cant-run-its-latest-smartphone-ai-models/,332,1710082961.0,
The Google Pixel 7 Pro is Android Police's 2022 smartphone of the year,2408,zuwykt,https://www.androidpolice.com/google-pixel-7-pro-2022-smartphone-of-the-year/,658,1671970118.0,
Google Pixel 6 and 6 Pro review megathread,2543,qfgqk1,https://www.reddit.com/r/Android/comments/qfgqk1/google_pixel_6_and_6_pro_review_megathread/,1638,1635168444.0,"**Articles**

XDA-Developers - [Pixel 6 Pro review](https://www.xda-developers.com/google-pixel-6-pro-review/) 

9to5Google - [Pixel 6 Pro review](https://9to5google.com/2021/10/25/google-pixel-6-pro-review/), [Pixel 6 Pro video review](https://www.youtube.com/watch?v=M1SbY2WO2cA)

Android Police - [Pixel 6 review](https://www.androidpolice.com/google-pixel-6-review/), [Pixel 6 Pro review](https://www.androidpolice.com/google-pixel-6-pro-review/) 

Android Central - [Pixel 6 review](https://www.androidcentral.com/google-pixel-6-review), [Pixel 6 Pro review](https://www.androidcentral.com/google-pixel-6-pro-review), [Pixel 6 and 6 Pro video review](https://www.youtube.com/watch?v=upTcgjHh890)

Android Authority - [Pixel 6 Pro review](https://www.androidauthority.com/google-pixel-6-pro-review-3042248/)

Engadget - [Pixel 6 and 6 Pro review](https://www.engadget.com/google-pixel-6-and-pixel-6-pro-review-specs-camera-samples-battery-test-160014200.html), [Pixel 6 and 6 Pro video review](https://www.youtube.com/watch?v=nd7h7f1pJj4)

Wired - [Pixel 6 and 6 Pro review](https://www.wired.com/review/google-pixel-6-and-pixel-6-pro)

CNET - [Pixel 6 review](https://www.cnet.com/tech/mobile/google-pixel-6-review-at-599-this-is-the-best-phone-you-can-buy/), [Pixel 6 Pro review](https://www.cnet.com/tech/mobile/google-pixel-6-pro-review-the-best-android-phone-money-can-buy/), [Pixel 6 video review](https://www.youtube.com/watch?v=1e_B44CYGdc)

Gizmodo - [Pixel 6 and 6 Pro review](https://gizmodo.com/the-pixel-6-is-so-good-why-buy-anything-else-1847927331)

Tech Crunch - [Pixel 6 Pro review](https://techcrunch.com/2021/10/25/google-pixel-6-review/)

Stuff - [Pixel 6 Pro review](https://www.stuff.tv/google/review)

Pocket-lint - [Pixel 6 review](https://www.pocket-lint.com/phones/reviews/google/158775-google-pixel-6-review), [Pixel 6 Pro review](https://www.pocket-lint.com/phones/reviews/google/158755-google-pixel-6-pro-review), [Pixel 6 video review](https://www.youtube.com/watch?v=Z_spYiaUrBo)

Mashable - [Google Pixel 6 and 6 Pro review](https://mashable.com/review/google-pixel-6-pro-review)

News.com.au - [Pixel 6 Pro review](https://www.news.com.au/best-of/electronics/google-pixel-6-pro-review/news-story/44fc0232954e0261db79cb54005f199c)

**Videos**

Dave2D - [Pixel 6 Pro Review](https://www.youtube.com/watch?v=uUR8V4oBCvA)

The Tech Chap - [Pixel 6 Pro review](https://www.youtube.com/watch?v=tYNV0tkPi7U)

Tech Spurt - [Pixel 6 review](https://www.youtube.com/watch?v=bTU-5MzriHU), [Pixel 6 and 6 Pro camera review](https://www.youtube.com/watch?v=Di5aiS-JkuI)

MobileTechReview - [Google Pixel 6 Pro Review](https://youtube.com/watch?v=xpgRJVhPmt0)

HowtoMen - [Pixel 6 Pro review](https://www.youtube.com/watch?v=q71G8gwUVtw)

JSL Review - [Pixel 6 Pro review](https://www.youtube.com/watch?v=lxS6E8WQR1M)

Mike O'Brien - [Pixel 6 Pro review](https://www.youtube.com/watch?v=W-W92Ndhu14)

Anthony Lipani - [Pixel 6 Pro camera review (focuses mainly on video)](https://www.youtube.com/watch?v=Q82PUyCl1EQ)

Joshua Vergara - [Pixel 6 Pro real world camera test](https://www.youtube.com/watch?v=o4xU2IJW6R0)

Lee Zavitz - [Pixel 6 Pro Cameras-Good and Bad](https://www.youtube.com/watch?v=JvsNK9Z5Nxw)

Julia Trotti - [Pixel 6 Pro Camera review](https://www.youtube.com/watch?v=v30s2UApL7o)

MrWhosetheBoss - [Camera comparison between the Pixel 6 Pro and iPhone 13 Pro Max](https://www.youtube.com/watch?v=LA1tah85dvA)

SuperSAF - [Camera comparison between the Pixel 6 Pro and iPhone 13 Pro Max](https://www.youtube.com/watch?v=90A_2bDrJSE)

AuthenTech Ben Schmanke - [Camera comparison between the Pixel 6 Pro and iPhone 13 Pro Max](https://www.youtube.com/watch?v=dnkL50cxk5U)

Tim Schofield - [Pixel 6 Pro initial impressions after one week](https://www.youtube.com/watch?v=8CvgWqbv6F4)

Short Circuit - [Pixel 6 Pro impressions](https://www.youtube.com/watch?v=vCpiuov_k4Q)

ETA Prime - [Pixel 6 Pro Gaming and Emulation](https://www.youtube.com/watch?v=co_dR7VZILs)

TK Bay - [Pixel 6 Pro Gaming and Media](https://www.youtube.com/watch?v=CuMEUC5aECw)

Juan Bagnell - [Pixel 6 Pro Creator Benchmarks](https://www.youtube.com/watch?v=_AaZ-yXYia8)

---
 
Credit to /u/Hupro, /u/welp_im_damned and /u/diabetic_debate for their help in compiling this list.

On delayed reviews: credit to /u/nizanator

[MKBHD](https://twitter.com/MKBHD/status/1452669805111226374):

 My review is in the works now that I'm back at the studio, but here are some Pixel 6 sample photosOverall I could give it a 9/10 but I have a looooot to explain. Stay tuned!

[MrMobile](https://twitter.com/Captain2Phones/status/1452637877892960257):

My Pixel 6 Review will arrive a bit later than others. For the past decade, ""hitting the embargo"" has driven my content timing. But sometimes - especially on a month like this, with the standards I try to meet- I simply can't deliver a review to be proud of in that timeframe.

[Dieter Bohn (The Verge)](https://twitter.com/backlon/status/1452685355493302281):

Apologies for not having a Pixel 6 review out today â€” the bike accident chaos meant I caused the team a lost few days. dcseifert is jamming away on the review now and has lots of very good thoughts on them â€” stay tuned!"
[MKBHD] Google Pixel Slate: This Ainâ€™t It Chief!,6009,a8gwnw,https://youtu.be/HOh6d_r63Bw,1063,1545445020.0,
"Opinion: Even if you can, you probably shouldn't buy a Google Pixel anymore",6487,68osfq,http://www.androidpolice.com/2017/05/01/opinion-even-if-you-can-you-probably-shouldnt-buy-a-google-pixel-anymore/,1570,1493673143.0,
Why Google Thinks Its Pixel Phones Are Much Bigger Than Their Sales Numbers,385,1mwlq46,https://www.bloomberg.com/news/features/2025-08-21/google-pixel-10-future-of-pixel-google-glasses-interview-with-rick-osterloh,306,1755806853.0,
Google's Pixel 2 phones don't really need SIM cards,7315,74w40r,https://www.theverge.com/2017/10/4/16424740/google-pixel-2-xl-esim-technology-project-fi-first-ever,1037,1507396538.0,
Google Pixel review: A very good phone by Google,6341,583mpm,http://www.androidpolice.com/2016/10/18/google-pixel-review-a-very-good-phone-by-google/,1730,1476795585.0,
Google Pixel 10 for 51K,921,1mxw01i,https://i.redd.it/7h2ouxvlcqkf1.png,119,1755937802.0,P10 for 51k if you have the 13k discount code feom playstore and 20% employee discount. Wasn't sure if it can be clubbed for a newly released device but here it is.
Google confirms hardware issues as Pixel owners report buggy microphones,8134,5yu1xa,https://thenextweb.com/google/2017/03/09/google-pixel-xl-microphone-issues/,1007,1489256762.0,
Google just officially teased the Pixel 4,5289,bzuugv,https://twitter.com/madebygoogle/status/1138876305158500353,944,1560364308.0,
Google confirms the rumoured gesture feature on the Pixel 4,4819,cjd974,https://youtu.be/KnRbXWojW7c,1041,1564416340.0,
Google makes it clear no one should ever buy Pixel at launch,6574,a19day,https://9to5google.com/2018/11/28/comment-google-pixel-launch-buy/,812,1543432688.0,
"Exclusive: Google Pixel 10 to get New, Faster Ultrasonic Fingerprint Sensor",660,1ldrpst,https://www.androidheadlines.com/google-pixel-10-upgraded-ultrasonic-fingerprint-sensor,226,1750177762.0,
Google Tensor debuts on the new Pixel 6 this fall,3347,owhip5,https://blog.google/products/pixel/google-tensor-debuts-new-pixel-6-fall/,713,1627920038.0,
"""Can you fix my iPhone? It's a Google Pixel.""",2605,1j5ygj3,https://i.redd.it/0pi1ni4unbne1.gif,86,1741377227.0,
"LPT : For Google Pixel Users : In your settings search for ""Rules""",1285,1n7o3bd,https://www.reddit.com/r/LifeProTips/comments/1n7o3bd/lpt_for_google_pixel_users_in_your_settings/,76,1756926975.0,"If you are a google pixel user then you can go into settings > search ""rules"" > Add wifi or location> select your home/office location > Set device to ring/vibrate

Your phone will auto switch to vibrate when you are at work and will go back to ringing when you leave work. Have been useful for me for a while now. Hopefully it helps you in some way. You can play around with creating more such rules for your device."
Morgan Stanley thinks the Pixel smartphone will generate Google almost $4 billion in revenue next year,7093,5fcpgm,http://www.businessinsider.com/google-will-generate-4-billion-in-2017-from-the-pixel-2016-11?r=UK&IR=T,1052,1480351996.0,
Google Pixel 4a: the helpful phone at a helpful price,3734,i2wtup,https://twitter.com/ishanagarwal24/status/1290273044301090817?s=21,928,1596460534.0,
Google Pixel 10 review - GSMArena,381,1n8jcac,https://gsmarena.com/google_pixel_10-review-2878.php,249,1757013300.0,
"Benchmark After Updates, Restarts: Google Pixel 10 Pro XL!",272,1n1bxww,https://i.redd.it/wdiah5432jlf1.jpeg,364,1756285363.0,How did it do?
"The Pixel 6a, 7, and 7 Pro are the best selling generation of phones Google has ever launched. Google gained share in every market they operate in this year",2672,10s9mpp,https://www.droid-life.com/2023/02/02/googles-2022-pixel-phones-were-best-selling-ever/,410,1675394365.0,
"The Google Pixel 5 will almost certainly not have the Qualcomm Snapdragon 865, and we have even more evidence",3541,gmsmlq,https://www.xda-developers.com/google-pixel-5-snapdragon-765/,1037,1589908003.0,
"Google Maps removes clouds, clears up view in 700-trillion pixel upgrade",12435,4qwp0r,http://www.theage.com.au/technology/technology-news/google-maps-removes-clouds-puts-ground-in-focus-in-700trillion-pixel-upgrade-20160628-gptnuh.html,614,1467454073.0,
"Pixel 4 Could Have Been the Moment for Google to Showcase RCS, But You Know, Carriers",4247,djnxs9,https://www.droid-life.com/2019/10/17/pixel-4-could-have-been-the-moment-for-google-to-showcase-rcs-but-you-know-carriers/,915,1571407327.0,
Pixel 10 Is Googleâ€™s best shot yet at winning over iPhone users â€” and Google knows that,351,1mjdbm7,https://share.google/IPkndVPFEeE9TiSbI,312,1754506607.0,This is the year to try to convince any friends and family who may be tempted to switch.
[MKBHD] Google Pixel 4 Review: Inside the Hype Machine!,3500,dlau41,https://www.youtube.com/watch?v=mfbSqTB74xM,1327,1571709162.0,
New google pixel has no headphone jack,14177,74n6q8,https://i.redd.it/5q0xxblqa7qz.jpg,475,1507291753.0,
Google will soon let Pixel phones double as dashcams,2517,13jm711,https://9to5google.com/2023/05/16/pixel-dashcam-personal-safety-update/,357,1684283566.0,
Google Pixel 4a renders showcase punch-hole display and a familiar design,3917,egrpxi,https://www.91mobiles.com/hub/google-pixel-4a-design-renders-punch-hole-display-exclusive/,935,1577545518.0,
MKBHD: Google Pixel Review!,6902,5cujrs,https://youtu.be/LR708uA4zQ8,908,1479104015.0,
"Google, it's now time to promise five years of Pixel updates",4780,ib5t50,https://www.androidcentral.com/its-time-google-support-pixel-phones-5-years,554,1597631648.0,
"Google survey shows price points of $349 for ""Pixel"" and $699 for ""Premium Pixel""",3512,gm02cc,https://www.reddit.com/r/Android/comments/gm02cc/google_survey_shows_price_points_of_349_for_pixel/,902,1589802936.0,"I got this survey this morning.  Screenshot here: [https://imgur.com/Tt8rLHu](https://imgur.com/Tt8rLHu)

It appears to confirm the $349 news the other day, show a pricepoint for th more expensive pixel.  It may also indicate a new naming strategy  (but likely just refers to 4a and 5)."
