text,id
"RT @SFR: Le Google Pixel 10 Pro dÃ©barque chez SFRğŸŸ¥
Avec jusquâ€™Ã  100h dâ€™autonomie, une chose est sÃ»re, vous serez fatiguÃ©s avant lui.
RT + fâ€¦",1967579787444330766
"RT @DB_Squadra_jp: å½“é¸ç¢ºèªã¯ã“ã¡ã‚‰: https://t.co/SuWQIxCwBJ

ã‚²ã‚­ã‚¹ã‚¯ã‚’éŠã¹ã‚‹é–¢é€£æ©Ÿå™¨ã®ä¸­ã‹ã‚‰ã„ãšã‚Œã‹1ã¤ã‚’é¸ã¶æ¨©åˆ©(1åæ§˜)ã¯ã€ä»¥ä¸‹ã®ä¸­ã‹ã‚‰ãŠå¥½ããªã‚‚ã®ã‚’ãŠé¸ã³é ‚ã‘ã¾ã™ã€‚

iPhone 16ãƒ»Google Pixel 9ãƒ»Ninâ€¦",1967579778799821218
@ohhyesweirdo Google pixel,1967579689545064493
RT @CatSE___ApeX___: @ArneLutsch Staying with their Globalstar messaging  solution while leaving high quality livestreaming like this on Liâ€¦,1967579688416780785
"Ğ’ Ğ¿Ñ€Ğ¾ÑˆĞ»Ğ¾Ğ¼ Ğ³Ğ¾Ğ´Ñƒ Ğ½Ğ° ÑĞ¼Ğ°Ñ€Ñ‚Ñ„Ğ¾Ğ½Ğ°Ñ… Pixel Ğ¿Ğ¾ÑĞ²Ğ¸Ğ»Ğ°ÑÑŒ Ñ„ÑƒĞ½ĞºÑ†Ğ¸Ñ Scam Detection â€” Ğ¾Ğ½Ğ° Ğ¿Ñ€ĞµĞ´ÑƒĞ¿Ñ€ĞµĞ¶Ğ´Ğ°ĞµÑ‚, ĞµÑĞ»Ğ¸ Ğ²Ñ‹ Ñ€Ğ°Ğ·Ğ³Ğ¾Ğ²Ğ°Ñ€Ğ¸Ğ²Ğ°ĞµÑ‚Ğµ Ñ Ğ¿Ğ¾Ñ‚ĞµĞ½Ñ†Ğ¸Ğ°Ğ»ÑŒĞ½Ñ‹Ğ¼ Ğ¼Ğ¾ÑˆĞµĞ½Ğ½Ğ¸ĞºĞ¾Ğ¼. Ğ¢ĞµĞ¿ĞµÑ€ÑŒ Google ÑĞ¾Ğ±Ğ¸Ñ€Ğ°ĞµÑ‚ÑÑ ÑĞ´ĞµĞ»Ğ°Ñ‚ÑŒ ÑˆĞ°Ğ³ Ğ´Ğ°Ğ»ÑŒÑˆĞµ â€” Ğ·Ğ°Ñ‰Ğ¸Ñ‚Ñƒ Ğ¿Ğ»Ğ°Ğ½Ğ¸Ñ€ÑƒÑÑ‚ Ğ²ÑÑ‚Ñ€Ğ¾Ğ¸Ñ‚ÑŒ Ğ¸ Ğ² ÑÑ‚Ğ¾Ñ€Ğ¾Ğ½Ğ½Ğ¸Ğµ Ğ¿Ñ€Ğ¸Ğ»Ğ¾Ğ¶ĞµĞ½Ğ¸Ñ Ğ´Ğ»Ñ Ñ‡Ğ°Ñ‚Ğ¾Ğ². https://t.co/2Dzogp8oOe",1967579583026495526
"Scam Detection on Google Pixel phones could soon get a major boost 

Source - NBC News",1967579538994393310
@TheGalox_ TBH Samsung would probably be better if they dropped Exynos development and instead focused on improving their OS and software.  Google Pixel has them beat even with less performant hardware simply because the software is so much better.,1967579464470327314
"RT @ANOTHERSKY_NTV: ï¼¼ğŸ‰è¦–è´è€…ãƒ—ãƒ¬ã‚¼ãƒ³ãƒˆğŸ‰ï¼

#è¦‹ä¸Šæ„› ã•ã‚“ã‚µã‚¤ãƒ³å…¥ã‚Š
Google Pixel presents ã‚¢ãƒŠã‚¶ãƒ¼ã‚¹ã‚«ã‚¤ç‰¹è£½
ã€Œã‚µã‚¿ãƒ‡ãƒ¼ãƒŠã‚¤ãƒˆãƒ»ã‚¯ãƒªã‚¢ã‚±ãƒ¼ã‚¹ã€ã‚’
æŠ½é¸ã§3åæ§˜ã«ãƒ—ãƒ¬ã‚¼ãƒ³ãƒˆğŸ©µâœ¨
*ã‚¯ãƒªã‚¢ã‚±ãƒ¼ã‚¹ã¯éå£²å“ã§ã™ã€‚

âœ…å¿œå‹Ÿæ–¹æ³•
â‘ @ANOâ€¦",1967579404659474904
"RT @AssembleDebug: Google Pixel's Scam Detection feature will soon extend to more chatting apps like Whatsapp, Instagram and more

Google aâ€¦",1967579382761046490
"RT @ANOTHERSKY_NTV: ï¼¼ğŸ‰è¦–è´è€…ãƒ—ãƒ¬ã‚¼ãƒ³ãƒˆğŸ‰ï¼

#è¦‹ä¸Šæ„› ã•ã‚“ã‚µã‚¤ãƒ³å…¥ã‚Š
Google Pixel presents ã‚¢ãƒŠã‚¶ãƒ¼ã‚¹ã‚«ã‚¤ç‰¹è£½
ã€Œã‚µã‚¿ãƒ‡ãƒ¼ãƒŠã‚¤ãƒˆãƒ»ã‚¯ãƒªã‚¢ã‚±ãƒ¼ã‚¹ã€ã‚’
æŠ½é¸ã§3åæ§˜ã«ãƒ—ãƒ¬ã‚¼ãƒ³ãƒˆğŸ©µâœ¨
*ã‚¯ãƒªã‚¢ã‚±ãƒ¼ã‚¹ã¯éå£²å“ã§ã™ã€‚

âœ…å¿œå‹Ÿæ–¹æ³•
â‘ @ANOâ€¦",1967579380189905235
"RT @Entrepreneur: ICYMI: Apple, Google, and Meta are using the latest AI technology to bring new translation features to products like theâ€¦",1967579296450699448
"RT @SFR: Le Google Pixel 10 Pro dÃ©barque chez SFRğŸŸ¥
Avec jusquâ€™Ã  100h dâ€™autonomie, une chose est sÃ»re, vous serez fatiguÃ©s avant lui.
RT + fâ€¦",1967578944301043972
"RT @123izm: æ‰‹å¸³å‹ã‚¹ãƒãƒ›ã‚±ãƒ¼ã‚¹ Google Pixel 9a ã‚·ãƒã‚¨ãƒŠã‚¬ å°èŠ±ï¼ˆã‚°ãƒªãƒ¼ãƒ³ï¼‰ã®å‹•ç”»ã§ã™ã€‚å…¨5è‰²å±•é–‹ã§iPhoneã‚‚Androidã‚‚é¸ã¹ã¾ã™ã®ã§ã‚·ãƒã‚¨ãƒŠã‚¬å¥½ãã•ã‚“ã«å±Šãã¾ã™ã‚ˆã†ã«ã€‚
ã¡ã‚‡ã†ã©ä»Šæ—¥9/15ï¼ˆæœˆç¥ï¼‰é™å®šã§4åƒå††ä»¥ä¸ŠãŠè²·ç‰©ã§ä½¿ãˆã‚‹ã‚¯ãƒ¼ãƒãƒ³ãŒmâ€¦",1967578856925417495
"RT @anan_mag: ğŸ ãƒ•ã‚©ãƒ­ãƒ¼ï¼†ãƒªãƒã‚¹ãƒˆã§å½“ãŸã‚‹ï¼
æœ¬æ—¥ç™ºå£²ã®ã€ananã€ã§ã‚‚ã€ä¸­æ¡ã‚ã‚„ã¿ã•ã‚“ãŒç€ç”¨ã—ãŸ
æœ€æ–° Google Pixel Watch 4 &amp; Google Pixel 10 Pro ã‚’ã‚»ãƒƒãƒˆã§ã€‚
å¿œå‹Ÿã®è©³ç´°ã¯ğŸ‘‡ ã‚’ãƒã‚§ãƒƒã‚¯ï¼

ã€å¿œå‹Ÿæ–¹æ³•ã€‘
â‘  @anâ€¦",1967578845747536103
"Google Pixel 7a - Unlocked Android Cell Phone - Smartphone with Wide Angle Lens and 24-Hour
 Amazon 
 åºƒå‘Š
 https://t.co/PpiV80mtG4",1967578635440627780
"RT @ANOTHERSKY_NTV: ï¼¼ğŸ‰è¦–è´è€…ãƒ—ãƒ¬ã‚¼ãƒ³ãƒˆğŸ‰ï¼

#è¦‹ä¸Šæ„› ã•ã‚“ã‚µã‚¤ãƒ³å…¥ã‚Š
Google Pixel presents ã‚¢ãƒŠã‚¶ãƒ¼ã‚¹ã‚«ã‚¤ç‰¹è£½
ã€Œã‚µã‚¿ãƒ‡ãƒ¼ãƒŠã‚¤ãƒˆãƒ»ã‚¯ãƒªã‚¢ã‚±ãƒ¼ã‚¹ã€ã‚’
æŠ½é¸ã§3åæ§˜ã«ãƒ—ãƒ¬ã‚¼ãƒ³ãƒˆğŸ©µâœ¨
*ã‚¯ãƒªã‚¢ã‚±ãƒ¼ã‚¹ã¯éå£²å“ã§ã™ã€‚

âœ…å¿œå‹Ÿæ–¹æ³•
â‘ @ANOâ€¦",1967578536098836531
@SaudiAndroid @fai9l_saud in my opinion Google should release pixel phones officially in our country now ğŸ‘€,1967578523532726404
"RT @jazztel_es: CONCURSO
Llega a Jazztel el nuevo #GooglePixel10 Â¡es espectacular!
Participa y gana:
â¡ï¸ Sigue a @jazztel_es y @GoogleES 
ğŸ”â€¦",1967578412429770987
"RT @SFR: Le Google Pixel 10 Pro dÃ©barque chez SFRğŸŸ¥
Avec jusquâ€™Ã  100h dâ€™autonomie, une chose est sÃ»re, vous serez fatiguÃ©s avant lui.
RT + fâ€¦",1967578275036930054
@TheDamiForeign He be like google pixel,1967578212948693080
FRUITS ZIPPERãŒãƒã‚¤ã‚­ãƒ³ã‚°ã‚„èŠ±ç«å¤§ä¼šã¸ï¼auã€ŒGoogle Pixel 10ã€æ–°CMã«å‡ºæ¼”ã€€[PR] Kawaiiã£ã¦Magic (åˆå›é™å®šç›¤) (ãƒ¡ã‚¬ã‚¸ãƒ£ã‚±(â€»æŠ½é¸ã§12åæ§˜ã«ç›´ç­†ã‚µã‚¤ãƒ³å…¥ã‚Š)ä»˜) [INPOSTå°å…¥å•†å“]ã€€https://t.co/bWsJbf5EVb,1967578146049540140
"RT @dbayexquisite: Order placed: OLED Display for Google PixelÂ  6 6A 6Pro LCD Touch Screen Replacement Assembly US 

Total landing cost : 9â€¦",1967577789760246225
"RT @ANOTHERSKY_NTV: ï¼¼ğŸ‰è¦–è´è€…ãƒ—ãƒ¬ã‚¼ãƒ³ãƒˆğŸ‰ï¼

#è¦‹ä¸Šæ„› ã•ã‚“ã‚µã‚¤ãƒ³å…¥ã‚Š
Google Pixel presents ã‚¢ãƒŠã‚¶ãƒ¼ã‚¹ã‚«ã‚¤ç‰¹è£½
ã€Œã‚µã‚¿ãƒ‡ãƒ¼ãƒŠã‚¤ãƒˆãƒ»ã‚¯ãƒªã‚¢ã‚±ãƒ¼ã‚¹ã€ã‚’
æŠ½é¸ã§3åæ§˜ã«ãƒ—ãƒ¬ã‚¼ãƒ³ãƒˆğŸ©µâœ¨
*ã‚¯ãƒªã‚¢ã‚±ãƒ¼ã‚¹ã¯éå£²å“ã§ã™ã€‚

âœ…å¿œå‹Ÿæ–¹æ³•
â‘ @ANOâ€¦",1967577750879043934
"RT @ANOTHERSKY_NTV: ï¼¼ğŸ‰è¦–è´è€…ãƒ—ãƒ¬ã‚¼ãƒ³ãƒˆğŸ‰ï¼

#è¦‹ä¸Šæ„› ã•ã‚“ã‚µã‚¤ãƒ³å…¥ã‚Š
Google Pixel presents ã‚¢ãƒŠã‚¶ãƒ¼ã‚¹ã‚«ã‚¤ç‰¹è£½
ã€Œã‚µã‚¿ãƒ‡ãƒ¼ãƒŠã‚¤ãƒˆãƒ»ã‚¯ãƒªã‚¢ã‚±ãƒ¼ã‚¹ã€ã‚’
æŠ½é¸ã§3åæ§˜ã«ãƒ—ãƒ¬ã‚¼ãƒ³ãƒˆğŸ©µâœ¨
*ã‚¯ãƒªã‚¢ã‚±ãƒ¼ã‚¹ã¯éå£²å“ã§ã™ã€‚

âœ…å¿œå‹Ÿæ–¹æ³•
â‘ @ANOâ€¦",1967577343142277445
"RT @googlejapan: ã€Google Pixel Design Notes #1ã€‘
æ–°ã—ã„ Google Pixel 10 ã¯

ğŸ’™ Indigo
ğŸ‹ Lemongrass
â„ï¸ Frost

ã® 3 è‰²ãŒä»²é–“å…¥ã‚Šã€‚
Google Pixel ã¯ã€è‡ªç„¶ã‚„æ—¥å¸¸ã«ã‚ã‚‹ã‚‚â€¦",1967577106776478116
"RT @ANOTHERSKY_NTV: ï¼¼ğŸ‰è¦–è´è€…ãƒ—ãƒ¬ã‚¼ãƒ³ãƒˆğŸ‰ï¼

#è¦‹ä¸Šæ„› ã•ã‚“ã‚µã‚¤ãƒ³å…¥ã‚Š
Google Pixel presents ã‚¢ãƒŠã‚¶ãƒ¼ã‚¹ã‚«ã‚¤ç‰¹è£½
ã€Œã‚µã‚¿ãƒ‡ãƒ¼ãƒŠã‚¤ãƒˆãƒ»ã‚¯ãƒªã‚¢ã‚±ãƒ¼ã‚¹ã€ã‚’
æŠ½é¸ã§3åæ§˜ã«ãƒ—ãƒ¬ã‚¼ãƒ³ãƒˆğŸ©µâœ¨
*ã‚¯ãƒªã‚¢ã‚±ãƒ¼ã‚¹ã¯éå£²å“ã§ã™ã€‚

âœ…å¿œå‹Ÿæ–¹æ³•
â‘ @ANOâ€¦",1967576967487868970
"@ArneLutsch Staying with their Globalstar messaging  solution while leaving high quality livestreaming like this on Ligado L-band for google-Pixel or Samsung to pick up would not be the wise thing to do for apple.

They need to stay premium by contracting the best.",1967576935456010377
"RT @Gackeiso: 9/16 (ç«) 18:30~ ã«å…¬é–‹ã™ã‚‹å‹•ç”»ï¼
ã‚¹ãƒãƒ›ä¾¡æ ¼å¸¯åˆ¥ã‚«ãƒ¡ãƒ©æ€§èƒ½æ¯”è¼ƒğŸ‘€

ğŸ“±ã‚¨ãƒ³ãƒˆãƒªãƒ¼ãƒ¢ãƒ‡ãƒ«ä»£è¡¨
OPPO A3 5G

ğŸ“±ãƒŸãƒ‰ãƒ«ãƒ¢ãƒ‡ãƒ«ä»£è¡¨
Nothing CMF Phone 2 Pro

ğŸ“±ãƒã‚¤ã‚¨ãƒ³ãƒ‰ãƒ¢ãƒ‡ãƒ«ä»£è¡¨
Google Pixelâ€¦",1967576933946061074
"RT @ATT: Learn how to get the new Google Pixel 10 Pro XL for free with eligible trade-in. Any year, any condition.",1967576870507131229
"ã€ãŠã™ã™ã‚å•†å“ã€‘

å•†å“å: ã€æ•´å‚™æ¸ˆã¿å“ã€‘ Google Pixel 7a G82U8 128GB Charcoal SIMãƒ•ãƒªãƒ¼ (æ•´å‚™æ¸ˆã¿å“)â€¦

ä¾¡æ ¼: ï¿¥29,500

ã€PRã€‘Amazonã‚¢ãƒ•ã‚£ãƒªã‚¨ã‚¤ãƒˆ

æ›´æ–°ï¼š2025/09/15 22:10

https://t.co/SotkXFa4s7",1967576870335230225
"ã€ã‚°ãƒ¼ã‚°ãƒ«ã‚¹ãƒˆã‚¢ç´¹ä»‹ã‚³ãƒ¼ãƒ‰ã€‘
Googleã‚¹ãƒˆã‚¢ã§Google Pixelã‚¹ãƒãƒ›ã‚’è³¼å…¥ã•ã‚Œã‚‹æ–¹ã¯ã€æ˜¯éã¨ã‚‚ä¸‹è¨˜ç´¹ä»‹ã‚¯ãƒ¼ãƒãƒ³ã‚³ãƒ¼ãƒ‰ã‚’ãŠä½¿ã„ãã ã•ã„ã€‚ã‚ãªãŸã¯ãƒ”ã‚¯ã‚»ãƒ«ã‚¹ãƒãƒ›ãŒ10% å¼•ãã«ãªã‚Šã¾ã™ã€‚ç§ã¯5,000å††åˆ†ã®ã‚¹ãƒˆã‚¢ã‚¯ãƒ¬ã‚¸ãƒƒãƒˆãŒã‚‚ã‚‰ãˆã¾ã™ã€‚

REF-DN5DVL6U77K499RHKVSFPRG
REF-PFY9G8O1HEVWNKIZV664E0F",1967576832750092452
"RT @LiterarysInk: Pixel power unlocked ğŸ“±âœ¨ 256â€¯GB storage, proâ€‘grade AI camera, stunning Moonstone finish + $200 Amazon Gift Card bonus. Shoâ€¦",1967576811296244210
"RT @googlejapan: ã€å¶ã•ã‚“ ï¼† èµ¤åŸã‚¦ã‚§ãƒ³ã•ã‚“ ï¼† å°æŸ³ãƒ­ã‚¦ã•ã‚“ã®ç›´ç­†ãƒ¡ãƒƒã‚»ãƒ¼ã‚¸å…¥ã‚Šã‚¹ãƒãƒ›ã‚±ãƒ¼ã‚¹ã¨æœ€æ–°ã® Google Pixel 10 Pro ãƒ—ãƒ¬ã‚¼ãƒ³ãƒˆã—ã¡ã‚ƒã„ã¾ã™ã‚ˆã‚­ãƒ£ãƒ³ãƒšãƒ¼ãƒ³ã€‘

1 åæ§˜ã«å½“ãŸã‚Šã¾ã™ï¼ï¼

ï¼œå¿œå‹Ÿæ–¹æ³•ï¼
â‘  @googlejapan ã‚’â€¦",1967576806778917050
"RT @Arsenal: Impacting things ğŸ’¥

The Premier League Player of the Match, Shot on Google Pixel ğŸ¤³ https://t.co/dNH8YNfUlU",1967576788596297951
"RT @Arsenal: Doubling up 2ï¸âƒ£

Shot on Google Pixel ğŸ¤³ https://t.co/jVZg32beAu",1967576635886145912
"Brand new Google Pixel 
7 pro 128gb - N680k
7 pro 512gb - N800k
8 pro 128GB - N900k
9 128gb - N1.1M
9A 128gb - N850k
9 pro 128gb - N1.380M
9 pro 256gb - N1.520M
9 pro XL 128gb - N1.4M
9 Pro XL 256gb - N1.5M
9 pro  256gb - N1.520M https://t.co/DOP64qGeoL",1967576595927118210
"RT @BRUTUS_mag: Gemini ã§ã€Œã‚¤ãƒ³ãƒ—ãƒƒãƒˆã€ã‚’åŠ¹ç‡åŒ–ã€‚ã€ŠGoogle Pixel 10 Proã€‹ãŒåºƒã’ã‚‹ã‚¯ãƒªã‚¨ã‚¤ã‚¿ãƒ¼ã®å‰µé€ æ€§
https://t.co/aE3lyr3cNW #PR https://t.co/NCIMBGcNXP",1967576426133213191
"å¤œæ™¯ãƒ‡ãƒ¼ãƒˆã‚‚æ€ã„å‡ºã‚‚â€¦Pixel 9aã§æ˜ ç”»ã¿ãŸã„ã«ğŸ“¸AIãŒè‡ªå‹•ã§ç¾ã—ãä»•ä¸Šã’ã‚‹ğŸ“±
ğŸ‘‰ https://t.co/tQEsKltM3Q
#æ¥½å¤©ãƒ¢ãƒã‚¤ãƒ« #Pixel9a #PR
IP48",1967576384756482284
"Order placed: OLED Display for Google PixelÂ  6 6A 6Pro LCD Touch Screen Replacement Assembly US 

Total landing cost : 90,850 

Ps prices are not constant ğŸ“Œ https://t.co/CQJW4uCxDZ",1967576356491087892
"RT @AssembleDebug: Google Pixel's Scam Detection feature will soon extend to more chatting apps like Whatsapp, Instagram and more

Google aâ€¦",1967576317999853731
"RT @AssembleDebug: Google Pixel's Scam Detection feature will soon extend to more chatting apps like Whatsapp, Instagram and more

Google aâ€¦",1967576312249450739
"#ç´¹ä»‹ã‚³ãƒ¼ãƒ‰ 
#Google 
#Pixel",1967576302082461894
"Cats just sit there judging you while secretly plotting your downfall ğŸ¶ğŸ±ğŸ˜¼

#Cats #CatLovers #CatJudgement #PetHumor #PetLove #FunnyCats #CatsAndDogs #PetOwners

Featuring Le Chat Google Pixel 9 Series Skin
ğŸ‘‰ https://t.co/Q0vF9uamjf https://t.co/ppphNucHtO",1967576295165857950
"RT @LiterarysInk: Upgrade your tech game with the new Google Pixel 10 in Indigo! ğŸš€ Enjoy Gemini AI, stunning triple camera with 5x telephotâ€¦",1967576252765888605
"RT @LiterarysInk: Level up your smartphone experience with the Google Pixel 10 Pro XL in elegant Moonstone! ğŸŒ• Boasting a massive 6.8"" Superâ€¦",1967576219177890009
"RT @ANOTHERSKY_NTV: ï¼¼ğŸ‰è¦–è´è€…ãƒ—ãƒ¬ã‚¼ãƒ³ãƒˆğŸ‰ï¼

#è¦‹ä¸Šæ„› ã•ã‚“ã‚µã‚¤ãƒ³å…¥ã‚Š
Google Pixel presents ã‚¢ãƒŠã‚¶ãƒ¼ã‚¹ã‚«ã‚¤ç‰¹è£½
ã€Œã‚µã‚¿ãƒ‡ãƒ¼ãƒŠã‚¤ãƒˆãƒ»ã‚¯ãƒªã‚¢ã‚±ãƒ¼ã‚¹ã€ã‚’
æŠ½é¸ã§3åæ§˜ã«ãƒ—ãƒ¬ã‚¼ãƒ³ãƒˆğŸ©µâœ¨
*ã‚¯ãƒªã‚¢ã‚±ãƒ¼ã‚¹ã¯éå£²å“ã§ã™ã€‚

âœ…å¿œå‹Ÿæ–¹æ³•
â‘ @ANOâ€¦",1967576188148502549
"Google Pixel 10 and OPPO Find X8 are almost the same priceâ€¦
Which one would you pick? ğŸ¤”
Pixel 10 looks super compact side by side ğŸ‘€
Check out the lineup side by side and spec sheet in the replies ğŸ‘‡
Find X8 feels temptingâ€¦ but Googleâ€™s AI is hard to ignore ğŸ˜¬",1967576171161526467
"RT @anan_mag: ğŸ ãƒ•ã‚©ãƒ­ãƒ¼ï¼†ãƒªãƒã‚¹ãƒˆã§å½“ãŸã‚‹ï¼
æœ¬æ—¥ç™ºå£²ã®ã€ananã€ã§ã‚‚ã€ä¸­æ¡ã‚ã‚„ã¿ã•ã‚“ãŒç€ç”¨ã—ãŸ
æœ€æ–° Google Pixel Watch 4 &amp; Google Pixel 10 Pro ã‚’ã‚»ãƒƒãƒˆã§ã€‚
å¿œå‹Ÿã®è©³ç´°ã¯ğŸ‘‡ ã‚’ãƒã‚§ãƒƒã‚¯ï¼

ã€å¿œå‹Ÿæ–¹æ³•ã€‘
â‘  @anâ€¦",1967575656184816032
"@sondesix One thing you need to consider about charging speed is heat generation. Apple, Google, or Samsung could all implement 90w charging if they wanted to. But their engineers likely determined the heat and it's impacts of 90w charging were not worth the time saved 

Also Pixel 10 Pro",1967575640078684205
"RT @anan_mag: ğŸ ãƒ•ã‚©ãƒ­ãƒ¼ï¼†ãƒªãƒã‚¹ãƒˆã§å½“ãŸã‚‹ï¼
æœ¬æ—¥ç™ºå£²ã®ã€ananã€ã§ã‚‚ã€ä¸­æ¡ã‚ã‚„ã¿ã•ã‚“ãŒç€ç”¨ã—ãŸ
æœ€æ–° Google Pixel Watch 4 &amp; Google Pixel 10 Pro ã‚’ã‚»ãƒƒãƒˆã§ã€‚
å¿œå‹Ÿã®è©³ç´°ã¯ğŸ‘‡ ã‚’ãƒã‚§ãƒƒã‚¯ï¼

ã€å¿œå‹Ÿæ–¹æ³•ã€‘
â‘  @anâ€¦",1967575481542475897
"RT @ANOTHERSKY_NTV: ï¼¼ğŸ‰è¦–è´è€…ãƒ—ãƒ¬ã‚¼ãƒ³ãƒˆğŸ‰ï¼

#è¦‹ä¸Šæ„› ã•ã‚“ã‚µã‚¤ãƒ³å…¥ã‚Š
Google Pixel presents ã‚¢ãƒŠã‚¶ãƒ¼ã‚¹ã‚«ã‚¤ç‰¹è£½
ã€Œã‚µã‚¿ãƒ‡ãƒ¼ãƒŠã‚¤ãƒˆãƒ»ã‚¯ãƒªã‚¢ã‚±ãƒ¼ã‚¹ã€ã‚’
æŠ½é¸ã§3åæ§˜ã«ãƒ—ãƒ¬ã‚¼ãƒ³ãƒˆğŸ©µâœ¨
*ã‚¯ãƒªã‚¢ã‚±ãƒ¼ã‚¹ã¯éå£²å“ã§ã™ã€‚

âœ…å¿œå‹Ÿæ–¹æ³•
â‘ @ANOâ€¦",1967575394376454600
"RT @ArsenalWFC: She scores the goalsssssssss

Stinaâ€™s fantastic goal shot on Google Pixel ğŸ¤³ https://t.co/uhh520ifkf",1967575287333564846
"RT @au_official: ï¼
æœ€æ–°æ©Ÿç¨®ã€ŒGoogle Pixel 10 Proã€ã®
æ–°è‰²Moonstoneã‚’æŠ½é¸ã§1å°ãƒ—ãƒ¬ã‚¼ãƒ³ãƒˆğŸ
#æ’®ã‚‹ãã¤ãªããæ—¥æœ¬ã®100ç©º æŠ•ç¨¿ã‚­ãƒ£ãƒ³ãƒšãƒ¼ãƒ³
ï¼¼

ã€å¿œå‹Ÿæ–¹æ³•ã€‘
â‘ @au_officialã‚’ãƒ•ã‚©ãƒ­ãƒ¼
â‘¡æœ¬æŠ•ç¨¿ã‚’ãƒªãƒã‚¹ãƒˆ
ç· åˆ‡ï¼š9/â€¦",1967575070056087777
"RT @anan_mag: ğŸ ãƒ•ã‚©ãƒ­ãƒ¼ï¼†ãƒªãƒã‚¹ãƒˆã§å½“ãŸã‚‹ï¼
æœ¬æ—¥ç™ºå£²ã®ã€ananã€ã§ã‚‚ã€ä¸­æ¡ã‚ã‚„ã¿ã•ã‚“ãŒç€ç”¨ã—ãŸ
æœ€æ–° Google Pixel Watch 4 &amp; Google Pixel 10 Pro ã‚’ã‚»ãƒƒãƒˆã§ã€‚
å¿œå‹Ÿã®è©³ç´°ã¯ğŸ‘‡ ã‚’ãƒã‚§ãƒƒã‚¯ï¼

ã€å¿œå‹Ÿæ–¹æ³•ã€‘
â‘  @anâ€¦",1967574821400940646
RT @Verizon: New &amp; existing customers save on Google Pixel 10 Pro with Gemini.,1967574751733481585
"RT @DB_Squadra_jp: å½“é¸ç¢ºèªã¯ã“ã¡ã‚‰: https://t.co/SuWQIxCwBJ

ã‚²ã‚­ã‚¹ã‚¯ã‚’éŠã¹ã‚‹é–¢é€£æ©Ÿå™¨ã®ä¸­ã‹ã‚‰ã„ãšã‚Œã‹1ã¤ã‚’é¸ã¶æ¨©åˆ©(1åæ§˜)ã¯ã€ä»¥ä¸‹ã®ä¸­ã‹ã‚‰ãŠå¥½ããªã‚‚ã®ã‚’ãŠé¸ã³é ‚ã‘ã¾ã™ã€‚

iPhone 16ãƒ»Google Pixel 9ãƒ»Ninâ€¦",1967574667813884299
"RT @ANOTHERSKY_NTV: ï¼¼ğŸ‰è¦–è´è€…ãƒ—ãƒ¬ã‚¼ãƒ³ãƒˆğŸ‰ï¼

#è¦‹ä¸Šæ„› ã•ã‚“ã‚µã‚¤ãƒ³å…¥ã‚Š
Google Pixel presents ã‚¢ãƒŠã‚¶ãƒ¼ã‚¹ã‚«ã‚¤ç‰¹è£½
ã€Œã‚µã‚¿ãƒ‡ãƒ¼ãƒŠã‚¤ãƒˆãƒ»ã‚¯ãƒªã‚¢ã‚±ãƒ¼ã‚¹ã€ã‚’
æŠ½é¸ã§3åæ§˜ã«ãƒ—ãƒ¬ã‚¼ãƒ³ãƒˆğŸ©µâœ¨
*ã‚¯ãƒªã‚¢ã‚±ãƒ¼ã‚¹ã¯éå£²å“ã§ã™ã€‚

âœ…å¿œå‹Ÿæ–¹æ³•
â‘ @ANOâ€¦",1967574349919162619
Last chance to get the Google Pixel 10 for half off at the Breezeline Mobile device store. Hurry - this deal expires on September 17th! https://t.co/rtn2f7VPuG https://t.co/HJWpooXmsb,1967574282331955641
"ICYMI: Apple, Google, and Meta are using the latest AI technology to bring new translation features to products like the AirPods Pro 3, Google Pixel 10, and Ray-Ban Meta smart glasses. https://t.co/SVcl9gMCTz",1967574203671933154
"Google Pixel 10 Pro XL: OS, UI, aplicaÅ£ii cu un Android 16 care Ã®Å£i face viaÅ£a mai uÅŸoarÄƒ prin AI
 https://t.co/rDSwzwiqeP https://t.co/IHVde3HhvS",1967574163935076788
"ã€Pixel 10 Proã‹ã€Pro XLã‹ã€‘
ãªãŸã®ã‚¹ãƒãƒ›ã®æ‚©ã¿ã‚’è§£æ±ºã™ã‚‹ã€2ã¤ã®ãƒ¢ãƒ‡ãƒ«ã®æ¯”è¼ƒã€‚

ç´„2ä¸‡å††ã®ä¾¡æ ¼å·®ã€ç´å¾—ã®ç†ç”±ã¨ã¯ğŸ‘‡
https://t.co/sbAwnEvRXV https://t.co/qEQ9gFQoE6",1967574127528808891
"The sad thing about the @Google Pixel is I sent it in for repair. They said they were going to replace it, and then they returned the same defective phone to meâ€¦",1967573976210985015
RT @Verizon: New &amp; existing customers save on Google Pixel 10 Pro with Gemini.,1967573917352301022
"Google ã‚¹ãƒˆã‚¢ã®ã”ç´¹ä»‹ãƒ—ãƒ­ã‚°ãƒ©ãƒ ã®ãŠå¾—ãªç‰¹å…¸ã‚’ç´¹ä»‹ã—ã¾ã™ã€‚è³¼å…¥æ‰‹ç¶šãæ™‚ã«ç´¹ä»‹ã‚³ãƒ¼ãƒ‰ REF-L9FANB47GN78YAEL9O2FIVL ã‚’åˆ©ç”¨ã—ã¦ãã ã•ã„ã€‚ã“ã®ç´¹ä»‹ã«ã¤ã„ã¦ã•ã‚‰ã«è©³ã—ã: https://t.co/guHoBZ5G5Vâ€¦

ã‚°ãƒ¼ã‚°ãƒ« ãƒ”ã‚¯ã‚»ãƒ«
ãƒ—ãƒ­ãƒ¢ãƒ¼ã‚·ãƒ§ãƒ³
ã‚¯ãƒ¼ãƒãƒ³
GooglePixel",1967573845898092943
"RT @DB_Squadra_jp: å½“é¸ç¢ºèªã¯ã“ã¡ã‚‰: https://t.co/SuWQIxCwBJ

ã‚²ã‚­ã‚¹ã‚¯ã‚’éŠã¹ã‚‹é–¢é€£æ©Ÿå™¨ã®ä¸­ã‹ã‚‰ã„ãšã‚Œã‹1ã¤ã‚’é¸ã¶æ¨©åˆ©(1åæ§˜)ã¯ã€ä»¥ä¸‹ã®ä¸­ã‹ã‚‰ãŠå¥½ããªã‚‚ã®ã‚’ãŠé¸ã³é ‚ã‘ã¾ã™ã€‚

iPhone 16ãƒ»Google Pixel 9ãƒ»Ninâ€¦",1967573813304213730
"Google ã‚¹ãƒˆã‚¢ã®ã”ç´¹ä»‹ãƒ—ãƒ­ã‚°ãƒ©ãƒ ã®ãŠå¾—ãªç‰¹å…¸ã‚’ç´¹ä»‹ã—ã¾ã™ã€‚è³¼å…¥æ‰‹ç¶šãæ™‚ã«ç´¹ä»‹ã‚³ãƒ¼ãƒ‰ REF-5OZPBUFHPCC613IY23HLO0X ã‚’åˆ©ç”¨ã—ã¦ãã ã•ã„ã€‚ã“ã®ç´¹ä»‹ã«ã¤ã„ã¦ã•ã‚‰ã«è©³ã—ã: https://t.co/guHoBZ5G5Vâ€¦
ã‚°ãƒ¼ã‚°ãƒ« ãƒ”ã‚¯ã‚»ãƒ«
ãƒ—ãƒ­ãƒ¢ãƒ¼ã‚·ãƒ§ãƒ³
ã‚¯ãƒ¼ãƒãƒ³
GooglePixel",1967573745029234801
@drherbs_ Inakushow ungueze 16 pro to google pixel likeâ€¦as an upgrade https://t.co/O08nS5zqLU,1967573694177554679
"@ohhyesweirdo I love my Google Pixel 9 pro, switched to it from Samsung s21. I have no intentions of going back.",1967573562648310088
"Google Pixel 10%ã‚ªãƒ• ç´¹ä»‹ã‚³ãƒ¼ãƒ‰â¬‡

REF-5I6JD5SCOVGUNBU5JK64YZP

ã‚°ãƒ¼ã‚°ãƒ«ãƒ”ã‚¯ã‚»ãƒ«
ãƒ—ãƒ­ãƒ¢ãƒ¼ã‚·ãƒ§ãƒ³
ã‚¯ãƒ¼ãƒãƒ³",1967573445916639554
@Siva_Bharani Ippadi old Google Pixel user's ku oru pass ku kuduka sollunga ji ğŸ˜‚,1967573048057610613
@Brainsofweb3 Not at all boss but you can buy Samsung phone but if it were me I will just add a Google pixel phone and remove the 16plus thatâ€™s all,1967572939567665181
I bought a @Microsoft Surface Book 3 and it was so glitchy I stopped using it. I bought a @Google Pixel and it kept freezing and having to be restarted. Right now @Apple is doing amazing things. Donâ€™t let the innovation stop. Support @Apple and buy their products!!!,1967572935537041786
Google Pixel 10 | æ–°ç™»å ´ https://t.co/B04Krlvtbc,1967572786660176141
"Google Pixel's Scam Detection feature will soon extend to more chatting apps like Whatsapp, Instagram and more

Google already provided scam detection feature in its phone and message app currently.

âœ… Details - https://t.co/rL0uQSfzdf https://t.co/epNHrSyrh1",1967572597811671342
"ã€Yãƒ¢ãƒã‚¤ãƒ«ã€‘Google Pixel 9aã€ç‰¹ä¾¡ã€‘

âœ¨Ymobileã§å¤§ç‰¹ä¾¡ã«ã¦å–æ‰±ã„é–‹å§‹
â€»æ–°ãƒˆã‚¯ã™ã‚‹ã‚µãƒãƒ¼ãƒˆå¯¾è±¡
ãƒ»æ”¯æ‰•ã„ç·é¡ï¼š1,200å††ï½
ãƒ»æ–°è¦/ä»–ç¤¾ã‹ã‚‰ä¹—ã‚Šæ›ãˆ
ãƒ»æœ€çŸ­ã§ãŠå±Šã‘
â€»PayPayãƒã‚¤ãƒ³ãƒˆé‚„å…ƒå®Ÿæ–½ä¸­
â€»å¥‘ç´„å†…å®¹ã¯å…¬å¼ã‚µã‚¤ãƒˆã§ç¢ºèªã—ã‚ˆã†
9/15PRåºƒå‘Šã€æ–°å“ã€ç™½ROMã€æ–°è¦ã€MNP
https://t.co/lH92y1cioI",1967572357629042835
"RT @DB_Squadra_jp: å½“é¸ç¢ºèªã¯ã“ã¡ã‚‰: https://t.co/SuWQIxCwBJ

ã‚²ã‚­ã‚¹ã‚¯ã‚’éŠã¹ã‚‹é–¢é€£æ©Ÿå™¨ã®ä¸­ã‹ã‚‰ã„ãšã‚Œã‹1ã¤ã‚’é¸ã¶æ¨©åˆ©(1åæ§˜)ã¯ã€ä»¥ä¸‹ã®ä¸­ã‹ã‚‰ãŠå¥½ããªã‚‚ã®ã‚’ãŠé¸ã³é ‚ã‘ã¾ã™ã€‚

iPhone 16ãƒ»Google Pixel 9ãƒ»Ninâ€¦",1967572258341417035
"RT @au_official: ï¼
æœ€æ–°æ©Ÿç¨®ã€ŒGoogle Pixel 10 Proã€ã®
æ–°è‰²Moonstoneã‚’æŠ½é¸ã§1å°ãƒ—ãƒ¬ã‚¼ãƒ³ãƒˆğŸ
#æ’®ã‚‹ãã¤ãªããæ—¥æœ¬ã®100ç©º æŠ•ç¨¿ã‚­ãƒ£ãƒ³ãƒšãƒ¼ãƒ³
ï¼¼

ã€å¿œå‹Ÿæ–¹æ³•ã€‘
â‘ @au_officialã‚’ãƒ•ã‚©ãƒ­ãƒ¼
â‘¡æœ¬æŠ•ç¨¿ã‚’ãƒªãƒã‚¹ãƒˆ
ç· åˆ‡ï¼š9/â€¦",1967572150858179068
"RT @au_official: ï¼
æœ€æ–°æ©Ÿç¨®ã€ŒGoogle Pixel 10 Proã€ã®
æ–°è‰²Moonstoneã‚’æŠ½é¸ã§1å°ãƒ—ãƒ¬ã‚¼ãƒ³ãƒˆğŸ
#æ’®ã‚‹ãã¤ãªããæ—¥æœ¬ã®100ç©º æŠ•ç¨¿ã‚­ãƒ£ãƒ³ãƒšãƒ¼ãƒ³
ï¼¼

ã€å¿œå‹Ÿæ–¹æ³•ã€‘
â‘ @au_officialã‚’ãƒ•ã‚©ãƒ­ãƒ¼
â‘¡æœ¬æŠ•ç¨¿ã‚’ãƒªãƒã‚¹ãƒˆ
ç· åˆ‡ï¼š9/â€¦",1967572115412103570
Googleã®ã‚µãƒãƒ¼ãƒˆãŒã‚ã¾ã‚Šã«ã‚‚é…·ã™ãã¦Pixelä½¿ã„ç¶šã‘ã‚‹ã®èºŠèº‡ã™ã‚‹ãƒ¬ãƒ™ãƒ«ãªã‚“ã§ã™ã‘ã©ã€å•ã„åˆã‚ã›ã—ãŸäººã¿ã‚“ãªã“ã‚“ãªæ‰±ã„ï¼Ÿï¼Ÿä¸€ãƒ¶æœˆä»¥ä¸Šå‰ã«ãƒãƒƒãƒ†ãƒªãƒ¼ã®è†¨å¼µã®ã“ã¨å•ã„åˆã‚ã›ã¦ã€ãƒ¡ãƒ¼ãƒ«ã‚‚ä½•é€šã‹é€ã£ã¦ã‚‹ã®ã«ã€ã€Œä»Šé ‘å¼µã£ã¦ã¾ã™ï¼ã€ã¿ãŸã„ãªè¿”äº‹ãŒãƒ†ãƒ³ãƒ—ãƒ¬ã§è¿”ã£ã¦ãã¦æ„å‘³ã‚ã‹ã‚‰ãªã„ã€‚,1967572107291983910
"RT @au_official: ï¼
æœ€æ–°æ©Ÿç¨®ã€ŒGoogle Pixel 10 Proã€ã®
æ–°è‰²Moonstoneã‚’æŠ½é¸ã§1å°ãƒ—ãƒ¬ã‚¼ãƒ³ãƒˆğŸ
#æ’®ã‚‹ãã¤ãªããæ—¥æœ¬ã®100ç©º æŠ•ç¨¿ã‚­ãƒ£ãƒ³ãƒšãƒ¼ãƒ³
ï¼¼

ã€å¿œå‹Ÿæ–¹æ³•ã€‘
â‘ @au_officialã‚’ãƒ•ã‚©ãƒ­ãƒ¼
â‘¡æœ¬æŠ•ç¨¿ã‚’ãƒªãƒã‚¹ãƒˆ
ç· åˆ‡ï¼š9/â€¦",1967571677577191425
@brucewayne034 Google Pixel,1967571666357346356
"RT @au_official: ï¼
æœ€æ–°æ©Ÿç¨®ã€ŒGoogle Pixel 10 Proã€ã®
æ–°è‰²Moonstoneã‚’æŠ½é¸ã§1å°ãƒ—ãƒ¬ã‚¼ãƒ³ãƒˆğŸ
#æ’®ã‚‹ãã¤ãªããæ—¥æœ¬ã®100ç©º æŠ•ç¨¿ã‚­ãƒ£ãƒ³ãƒšãƒ¼ãƒ³
ï¼¼

ã€å¿œå‹Ÿæ–¹æ³•ã€‘
â‘ @au_officialã‚’ãƒ•ã‚©ãƒ­ãƒ¼
â‘¡æœ¬æŠ•ç¨¿ã‚’ãƒªãƒã‚¹ãƒˆ
ç· åˆ‡ï¼š9/â€¦",1967571634342199803
"ã€Yãƒ¢ãƒã‚¤ãƒ«ã€‘Google Pixel 8aã€ç‰¹ä¾¡ã€‘

âœ¨Ymobileã§å¤§ç‰¹ä¾¡ã«ã¦å–æ‰±ã„é–‹å§‹
ãƒ»ä¸€æ‹¬ï¼š24,800å††ï½
ãƒ»ä»–ç¤¾ã‹ã‚‰ä¹—ã‚Šæ›ãˆ 
ãƒ»é€æ–™ç„¡æ–™ã€æœ€çŸ­ãŠå±Šã‘

â€»PayPayãƒã‚¤ãƒ³ãƒˆé‚„å…ƒå®Ÿæ–½ä¸­
â€»å¥‘ç´„å†…å®¹ã¯å…¬å¼ã‚µã‚¤ãƒˆã§ç¢ºèªã—ã‚ˆã†
9/15PRåºƒå‘Šã€æ–°å“ã€ç™½ROMã€æ–°è¦ã€MNP
https://t.co/SnbIcjME8H",1967571603492880487
"RT @au_official: ï¼
æœ€æ–°æ©Ÿç¨®ã€ŒGoogle Pixel 10 Proã€ã®
æ–°è‰²Moonstoneã‚’æŠ½é¸ã§1å°ãƒ—ãƒ¬ã‚¼ãƒ³ãƒˆğŸ
#æ’®ã‚‹ãã¤ãªããæ—¥æœ¬ã®100ç©º æŠ•ç¨¿ã‚­ãƒ£ãƒ³ãƒšãƒ¼ãƒ³
ï¼¼

ã€å¿œå‹Ÿæ–¹æ³•ã€‘
â‘ @au_officialã‚’ãƒ•ã‚©ãƒ­ãƒ¼
â‘¡æœ¬æŠ•ç¨¿ã‚’ãƒªãƒã‚¹ãƒˆ
ç· åˆ‡ï¼š9/â€¦",1967571452254916726
ä»Šæ—¥ã¯ã€ŒGoogle Pixel Watch 4 45mm ç”¨ ã‚«ãƒãƒ¼ã€ãŒå±Šãã¾ã—ãŸã€‚ https://t.co/WiATwrqVge #GooglePixelWatch4,1967571444734525471
"RT @au_official: ï¼
æœ€æ–°æ©Ÿç¨®ã€ŒGoogle Pixel 10 Proã€ã®
æ–°è‰²Moonstoneã‚’æŠ½é¸ã§1å°ãƒ—ãƒ¬ã‚¼ãƒ³ãƒˆğŸ
#æ’®ã‚‹ãã¤ãªããæ—¥æœ¬ã®100ç©º æŠ•ç¨¿ã‚­ãƒ£ãƒ³ãƒšãƒ¼ãƒ³
ï¼¼

ã€å¿œå‹Ÿæ–¹æ³•ã€‘
â‘ @au_officialã‚’ãƒ•ã‚©ãƒ­ãƒ¼
â‘¡æœ¬æŠ•ç¨¿ã‚’ãƒªãƒã‚¹ãƒˆ
ç· åˆ‡ï¼š9/â€¦",1967571383128666226
ä»Šæ—¥ã¯ã€ŒGoogle Pixel Watchãƒãƒ³ãƒ‰ã€ãŒå±Šãã¾ã—ãŸã€‚ https://t.co/MGoBT9BdKp #GooglePixelWatch4,1967571382990221668
"RT @Arsenal: Doubling up 2ï¸âƒ£

Shot on Google Pixel ğŸ¤³ https://t.co/jVZg32beAu",1967571371032285241
"RT @au_official: ï¼
æœ€æ–°æ©Ÿç¨®ã€ŒGoogle Pixel 10 Proã€ã®
æ–°è‰²Moonstoneã‚’æŠ½é¸ã§1å°ãƒ—ãƒ¬ã‚¼ãƒ³ãƒˆğŸ
#æ’®ã‚‹ãã¤ãªããæ—¥æœ¬ã®100ç©º æŠ•ç¨¿ã‚­ãƒ£ãƒ³ãƒšãƒ¼ãƒ³
ï¼¼

ã€å¿œå‹Ÿæ–¹æ³•ã€‘
â‘ @au_officialã‚’ãƒ•ã‚©ãƒ­ãƒ¼
â‘¡æœ¬æŠ•ç¨¿ã‚’ãƒªãƒã‚¹ãƒˆ
ç· åˆ‡ï¼š9/â€¦",1967571314476273720
"RT @au_official: ï¼
æœ€æ–°æ©Ÿç¨®ã€ŒGoogle Pixel 10 Proã€ã®
æ–°è‰²Moonstoneã‚’æŠ½é¸ã§1å°ãƒ—ãƒ¬ã‚¼ãƒ³ãƒˆğŸ
#æ’®ã‚‹ãã¤ãªããæ—¥æœ¬ã®100ç©º æŠ•ç¨¿ã‚­ãƒ£ãƒ³ãƒšãƒ¼ãƒ³
ï¼¼

ã€å¿œå‹Ÿæ–¹æ³•ã€‘
â‘ @au_officialã‚’ãƒ•ã‚©ãƒ­ãƒ¼
â‘¡æœ¬æŠ•ç¨¿ã‚’ãƒªãƒã‚¹ãƒˆ
ç· åˆ‡ï¼š9/â€¦",1967571257756667944
"@Samir_Ortonite The Google Pixel 9 Pre-Reserve Pass on Flipkart often restocks before big sales like Big Billion Days, starting around Sept 22-23, 2025. It's priced at â‚¹2,000 when available. Check the page regularly or use ""Notify Me"" for updates, as stock is limited.",1967571194472960136
ä»Šæ—¥ã¯ã€ŒSpigen Google Pixel Buds Pro 2ã‚±ãƒ¼ã‚¹ã€ãŒå±Šãã¾ã—ãŸã€‚ https://t.co/VlNGHU5iu9 #GooglePixelBudsPro2,1967571088109613565
"RT @DB_Squadra_jp: å½“é¸ç¢ºèªã¯ã“ã¡ã‚‰: https://t.co/SuWQIxCwBJ

ã‚²ã‚­ã‚¹ã‚¯ã‚’éŠã¹ã‚‹é–¢é€£æ©Ÿå™¨ã®ä¸­ã‹ã‚‰ã„ãšã‚Œã‹1ã¤ã‚’é¸ã¶æ¨©åˆ©(1åæ§˜)ã¯ã€ä»¥ä¸‹ã®ä¸­ã‹ã‚‰ãŠå¥½ããªã‚‚ã®ã‚’ãŠé¸ã³é ‚ã‘ã¾ã™ã€‚

iPhone 16ãƒ»Google Pixel 9ãƒ»Ninâ€¦",1967571028097593827
"ğŸ“± Google Pixel 10 Pro con â€“35% de descuento

ğŸ“¸ Captura tu mundo con la cÃ¡mara mÃ¡s avanzada de Google

âš¡ Fluidez y potencia para acompaÃ±arte en cada reto

ğŸ”‹ EnergÃ­a optimizada para tu dÃ­a a dÃ­a, sin pausas

https://t.co/zjSROWkydK

#JustDeal #VueltaALaCarga #GooglePixel10Pro https://t.co/J56lwZ3oSk",1967570922644307993
"Google Pixel 10 Pro - Unlocked Android Smartphone - Gemini AI Assistant, Triple Rear Camera System, Fast-Charging 24+ Hour Battery, and 6.3"" Super Actua Display - Porcelain - 256 GB (2025 Model)

Only ($1,099.â°â°)
https://t.co/cINLQJpEMP",1967570859989827699
"Google Pixel 10 Pro - Unlocked Android Smartphone - Gemini AI Assistant, Triple Rear Camera System, Fast-Charging 24+ Hour Battery, and 6.3"" Super Actua Display - Porcelain - 256 GB (2025 Model)

Only ($1,099.â°â°)
https://t.co/IBVw3W1pxi",1967570815261745586
"RT @ArsenalWFC: She scores the goalsssssssss

Stinaâ€™s fantastic goal shot on Google Pixel ğŸ¤³ https://t.co/uhh520ifkf",1967570586101776829
Google Pixel 10 Pro XL 256GB SIMãƒ•ãƒªãƒ¼ Obsidian ã‚¹ãƒãƒ¼ãƒˆãƒ•ã‚©ãƒ³æœ¬ä½“ https://t.co/X3G7b4d6Xn #Amazonã‚®ãƒ•ãƒˆåˆ¸,1967570463300989434
"Google is adding a ""High contrast background"" option for Pixel's at a glance widget for better visibility with light color wallpapers

âœ… Details and screenshots - https://t.co/wdNd0ayuEz https://t.co/650AwKQz5g",1967570369700864483
"ã€Ymobileã€‘å¤§æ±ºç®—ã‚»ãƒ¼ãƒ«ã€æœŸé–“é™å®šã€‘

âœ¨ç‰¹ä¾¡1å††ï½æ ¼å®‰ã‚¹ãƒãƒ›å¤šæ•°ï¼
ãƒ»Google Pixel 8a / 9a
ãƒ»Apple iPhone SE
ãƒ»iPhone 13 / 15 / 16 / 16e
ãƒ»Motorola moto g64y 5G
ãƒ»Motorola moto g66y 5G
ãƒ»OPPO Reno11 A / Reno13 A
â€»è©³ç´°ã¯å…¬å¼ã‚µã‚¤ãƒˆã§ç¢ºèª
9/15PRåºƒå‘Šã€æ–°è¦ã€MNP
https://t.co/4CEbhKQwTJ",1967570344832835684
